File Name,Dataset,aid,Date,Orbit Number,Build ID,Scene ID,Count,Minimum,Maximum,Range,Mean,Standard Deviation,Variance,Upper Quartile,Upper 1.5 IQR,Median,Lower 1.5 IQR,Lower Quartile
ECO3ETPTJPL_001_EVAPOTRANSPIRATION_PT_JPL_ETinstUncertainty_doy2018215221249_aid0001,EVAPOTRANSPIRATION_PT_JPL_ETinstUncertainty,aid0001,2018-08-03 22:12:49 UTC,00437,0601,005,779778.0,32.5895,1879.8503,"(32.5895,1879.8503)",124.3177,48.741,2375.6815,148.0762,234.3977,116.2248,32.5895,90.5284
ECO3ETPTJPL_001_EVAPOTRANSPIRATION_PT_JPL_ETinstUncertainty_doy2018218211322_aid0001,EVAPOTRANSPIRATION_PT_JPL_ETinstUncertainty,aid0001,2018-08-06 21:13:22 UTC,00483,0601,005,1169440.0,42.7896,384.7906,"(42.7896,384.7906)",162.5774,36.8562,1358.3762,188.8666,259.7503,167.0611,70.7068,141.6026
ECO3ETPTJPL_001_EVAPOTRANSPIRATION_PT_JPL_ETinstUncertainty_doy2018221201403_aid0001,EVAPOTRANSPIRATION_PT_JPL_ETinstUncertainty,aid0001,2018-08-09 20:14:03 UTC,00529,0601,009,128173.0,83.1914,269.3585,"(83.1914,269.3585)",185.3567,22.7036,515.4549,199.0553,232.6827,191.0482,143.0016,176.6324
ECO3ETPTJPL_001_EVAPOTRANSPIRATION_PT_JPL_ETinstUncertainty_doy2018222192228_aid0001,EVAPOTRANSPIRATION_PT_JPL_ETinstUncertainty,aid0001,2018-08-10 19:22:28 UTC,00544,0601,005,406234.0,36.5997,305.2712,"(36.5997,305.2712)",183.7871,43.4474,1887.6732,213.1857,288.2091,193.3718,87.7878,163.0238
ECO3ETPTJPL_001_EVAPOTRANSPIRATION_PT_JPL_ETinstUncertainty_doy2018225182301_aid0001,EVAPOTRANSPIRATION_PT_JPL_ETinstUncertainty,aid0001,2018-08-13 18:23:01 UTC,00590,0601,005,1368098.0,60.2967,1990.4633,"(60.2967,1990.4633)",179.8578,30.6684,940.5514,199.6142,250.8557,183.5563,114.1968,165.4458
ECO3ETPTJPL_001_EVAPOTRANSPIRATION_PT_JPL_ETinstUncertainty_doy2018228235228_aid0001,EVAPOTRANSPIRATION_PT_JPL_ETinstUncertainty,aid0001,2018-08-16 23:52:28 UTC,00640,0601,009,46193.0,44.2762,369.5266,"(44.2762,369.5266)",104.5091,39.5873,1567.1564,117.5749,172.8158,103.6509,44.2762,80.5788
ECO3ETPTJPL_001_EVAPOTRANSPIRATION_PT_JPL_ETinstUncertainty_doy2018231225350_aid0001,EVAPOTRANSPIRATION_PT_JPL_ETinstUncertainty,aid0001,2018-08-19 22:53:50 UTC,00686,0601,014,624106.0,2.0559,219.0955,"(2.0559,219.0955)",53.859,19.3765,375.4499,69.6123,112.6396,49.2655,2.0559,40.921
ECO3ETPTJPL_001_EVAPOTRANSPIRATION_PT_JPL_ETinstUncertainty_doy2018232153216_aid0001,EVAPOTRANSPIRATION_PT_JPL_ETinstUncertainty,aid0001,2018-08-20 15:32:16 UTC,00697,0601,005,1609661.0,63.7956,224.7767,"(63.7956,224.7767)",95.6732,13.3745,178.8773,102.6451,127.1456,93.7987,63.7956,86.3113
ECO3ETPTJPL_001_EVAPOTRANSPIRATION_PT_JPL_ETinstUncertainty_doy2018232220123_aid0001,EVAPOTRANSPIRATION_PT_JPL_ETinstUncertainty,aid0001,2018-08-20 22:01:23 UTC,00701,0601,007,138641.0,54.5677,300.0313,"(54.5677,300.0313)",124.7237,29.9677,898.0625,144.9438,211.882,132.1622,54.5677,100.3012
ECO3ETPTJPL_001_EVAPOTRANSPIRATION_PT_JPL_ETinstUncertainty_doy2018235210216_aid0001,EVAPOTRANSPIRATION_PT_JPL_ETinstUncertainty,aid0001,2018-08-23 21:02:16 UTC,00747,0601,007,699250.0,41.5788,1903.7261,"(41.5788,1903.7261)",122.5466,31.5363,994.5353,142.8286,210.8159,125.4682,41.5788,97.5015
ECO3ETPTJPL_001_EVAPOTRANSPIRATION_PT_JPL_ETinstUncertainty_doy2018238200231_aid0001,EVAPOTRANSPIRATION_PT_JPL_ETinstUncertainty,aid0001,2018-08-26 20:02:31 UTC,00793,0601,009,87693.0,104.2254,541.9367,"(104.2254,541.9367)",180.604,24.9063,620.3217,198.088,254.3485,182.9367,104.8248,160.5699
ECO3ETPTJPL_001_EVAPOTRANSPIRATION_PT_JPL_ETinstUncertainty_doy2018239124146_aid0001,EVAPOTRANSPIRATION_PT_JPL_ETinstUncertainty,aid0001,2018-08-27 12:41:46 UTC,00804,0601,004,773513.0,6.6007,920.9736,"(6.6007,920.9736)",73.7178,96.8486,9379.6547,103.1295,232.9368,24.1442,6.6007,16.5894
ECO3ETPTJPL_001_EVAPOTRANSPIRATION_PT_JPL_ETinstUncertainty_doy2018241190302_aid0001,EVAPOTRANSPIRATION_PT_JPL_ETinstUncertainty,aid0001,2018-08-29 19:03:02 UTC,00839,0601,009,161939.0,33.3989,218.7407,"(33.3989,218.7407)",141.9424,16.2925,265.4449,151.3039,180.3974,139.6194,102.8048,131.9026
ECO3ETPTJPL_001_EVAPOTRANSPIRATION_PT_JPL_ETinstUncertainty_doy2018242181034_aid0001,EVAPOTRANSPIRATION_PT_JPL_ETinstUncertainty,aid0001,2018-08-30 18:10:34 UTC,00854,0601,006,1382269.0,87.9853,279.13,"(87.9853,279.13)",151.1114,19.734,389.4291,164.4922,205.8454,149.9242,95.5844,136.9212
ECO3ETPTJPL_001_EVAPOTRANSPIRATION_PT_JPL_ETinstUncertainty_doy2018242181126_aid0001,EVAPOTRANSPIRATION_PT_JPL_ETinstUncertainty,aid0001,2018-08-30 18:11:26 UTC,00854,0601,007,191550.0,78.2364,253.9137,"(78.2364,253.9137)",151.678,32.7745,1074.1705,180.242,253.9137,163.7077,78.2364,119.7072
ECO3ETPTJPL_001_EVAPOTRANSPIRATION_PT_JPL_ETinstUncertainty_doy2018245171105_aid0001,EVAPOTRANSPIRATION_PT_JPL_ETinstUncertainty,aid0001,2018-09-02 17:11:05 UTC,00900,0601,006,806134.0,27.5599,279.1307,"(27.5599,279.1307)",137.5358,27.0393,731.1243,154.308,195.2583,138.9579,86.0521,127.0054
ECO3ETPTJPL_001_EVAPOTRANSPIRATION_PT_JPL_ETinstUncertainty_doy2018248161139_aid0001,EVAPOTRANSPIRATION_PT_JPL_ETinstUncertainty,aid0001,2018-09-05 16:11:39 UTC,00946,0601,006,26577.0,48.9025,325.2104,"(48.9025,325.2104)",98.4355,22.9292,525.7479,111.2005,151.427,97.3413,48.9025,84.3377
ECO3ETPTJPL_001_EVAPOTRANSPIRATION_PT_JPL_ETinstUncertainty_doy2018252142034_aid0001,EVAPOTRANSPIRATION_PT_JPL_ETinstUncertainty,aid0001,2018-09-09 14:20:34 UTC,01007,0601,007,1062463.0,24.1105,344.4133,"(24.1105,344.4133)",50.6982,20.11,404.4117,55.4824,76.0188,47.8032,24.1105,41.7913
ECO3ETPTJPL_001_EVAPOTRANSPIRATION_PT_JPL_ETinstUncertainty_doy2018255132105_aid0001,EVAPOTRANSPIRATION_PT_JPL_ETinstUncertainty,aid0001,2018-09-12 13:21:05 UTC,01053,0601,006,1646997.0,5.9134,1961.9294,"(5.9134,1961.9294)",15.5732,7.9353,62.9695,18.2901,28.3553,14.6215,5.9134,11.5789
ECO3ETPTJPL_001_EVAPOTRANSPIRATION_PT_JPL_ETinstUncertainty_doy2019033213827_aid0001,EVAPOTRANSPIRATION_PT_JPL_ETinstUncertainty,aid0001,2019-02-02 21:38:27 UTC,03282,0601,006,381094.0,3.5519,316.3012,"(3.5519,316.3012)",58.9618,67.8269,4600.491,128.7457,291.4401,11.6939,3.5519,9.3185
ECO3ETPTJPL_001_EVAPOTRANSPIRATION_PT_JPL_ETinstUncertainty_doy2019044002238_aid0001,EVAPOTRANSPIRATION_PT_JPL_ETinstUncertainty,aid0001,2019-02-13 00:22:38 UTC,03439,0601,006,49831.0,0.3603,1300.4609,"(0.3603,1300.4609)",101.2513,99.1872,9838.1072,186.36,460.6481,92.941,0.3603,3.3809
ECO3ETPTJPL_001_EVAPOTRANSPIRATION_PT_JPL_ETinstUncertainty_doy2019044002330_aid0001,EVAPOTRANSPIRATION_PT_JPL_ETinstUncertainty,aid0001,2019-02-13 00:23:30 UTC,03439,0601,007,220052.0,2.8766,625.0823,"(2.8766,625.0823)",49.0191,70.3279,4946.0173,41.6678,92.0578,12.3768,2.8766,8.0647
ECO3ETPTJPL_001_EVAPOTRANSPIRATION_PT_JPL_ETinstUncertainty_doy2019057184922_aid0001,EVAPOTRANSPIRATION_PT_JPL_ETinstUncertainty,aid0001,2019-02-26 18:49:22 UTC,03653,0601,006,328006.0,2.0719,1997.557,"(2.0719,1997.557)",103.0994,84.9927,7223.751,135.4513,266.5145,86.4267,2.0719,48.0747
ECO3ETPTJPL_001_EVAPOTRANSPIRATION_PT_JPL_ETinstUncertainty_doy2019145011106_aid0001,EVAPOTRANSPIRATION_PT_JPL_ETinstUncertainty,aid0001,2019-05-25 01:11:06 UTC,05009,0601,003,642590.0,5.1876,279.5359,"(5.1876,279.5359)",40.583,38.9768,1519.1923,36.2104,53.6041,30.4125,7.2201,24.6142
ECO3ETPTJPL_001_EVAPOTRANSPIRATION_PT_JPL_ETinstUncertainty_doy2019148001950_aid0001,EVAPOTRANSPIRATION_PT_JPL_ETinstUncertainty,aid0001,2019-05-28 00:19:50 UTC,05055,0601,004,464337.0,30.5729,289.0076,"(30.5729,289.0076)",65.6688,41.0932,1688.6483,65.1514,93.5624,52.6248,30.5729,46.2088
ECO3ETPTJPL_001_EVAPOTRANSPIRATION_PT_JPL_ETinstUncertainty_doy2019148232946_aid0001,EVAPOTRANSPIRATION_PT_JPL_ETinstUncertainty,aid0001,2019-05-28 23:29:46 UTC,05070,0601,005,5513.0,33.621,108.6022,"(33.621,108.6022)",58.2762,14.4068,207.556,67.1468,98.2514,56.255,33.621,46.408
ECO3ETPTJPL_001_EVAPOTRANSPIRATION_PT_JPL_ETinstUncertainty_doy2019151223758_aid0001,EVAPOTRANSPIRATION_PT_JPL_ETinstUncertainty,aid0001,2019-05-31 22:37:58 UTC,05116,0601,003,222727.0,37.3519,377.0756,"(37.3519,377.0756)",120.1268,24.5243,601.4423,128.8505,154.3541,121.3163,86.3098,111.8312
ECO3ETPTJPL_001_EVAPOTRANSPIRATION_PT_JPL_ETinstUncertainty_doy2019151223850_aid0001,EVAPOTRANSPIRATION_PT_JPL_ETinstUncertainty,aid0001,2019-05-31 22:38:50 UTC,05116,0601,004,171459.0,27.1619,402.7734,"(27.1619,402.7734)",129.0193,79.3601,6298.0218,135.9235,224.6531,98.2088,27.1619,76.7701
ECO3ETPTJPL_001_EVAPOTRANSPIRATION_PT_JPL_ETinstUncertainty_doy2019155205655_aid0001,EVAPOTRANSPIRATION_PT_JPL_ETinstUncertainty,aid0001,2019-06-04 20:56:55 UTC,05177,0601,003,2865.0,97.3123,236.1746,"(97.3123,236.1746)",177.2298,26.2816,690.721,195.7351,236.1746,177.9629,126.0369,160.4133
ECO3ETPTJPL_001_EVAPOTRANSPIRATION_PT_JPL_ETinstUncertainty_doy2019158200534_aid0001,EVAPOTRANSPIRATION_PT_JPL_ETinstUncertainty,aid0001,2019-06-07 20:05:34 UTC,05223,0601,004,33127.0,103.7498,377.9486,"(103.7498,377.9486)",183.4894,26.5362,704.1695,199.6869,234.1216,190.6593,140.3571,175.9524
ECO3ETPTJPL_001_EVAPOTRANSPIRATION_PT_JPL_ETinstUncertainty_doy2019162182427_aid0001,EVAPOTRANSPIRATION_PT_JPL_ETinstUncertainty,aid0001,2019-06-11 18:24:27 UTC,05284,0601,004,1135608.0,43.9554,334.8639,"(43.9554,334.8639)",173.3002,29.4833,869.2674,187.2945,229.1687,173.7235,117.5044,159.3783
ECO3ETPTJPL_001_EVAPOTRANSPIRATION_PT_JPL_ETinstUncertainty_doy2019163005356_aid0001,EVAPOTRANSPIRATION_PT_JPL_ETinstUncertainty,aid0001,2019-06-12 00:53:56 UTC,05288,0601,006,260358.0,27.8233,340.1056,"(27.8233,340.1056)",66.851,39.2726,1542.34,63.3816,79.8588,56.8054,35.918,52.3961
ECO3ETPTJPL_001_EVAPOTRANSPIRATION_PT_JPL_ETinstUncertainty_doy2019166164307_aid0001,EVAPOTRANSPIRATION_PT_JPL_ETinstUncertainty,aid0001,2019-06-15 16:43:07 UTC,05345,0601,004,168639.0,44.5109,382.6799,"(44.5109,382.6799)",170.5424,36.0142,1297.0208,191.7545,244.1046,177.5858,104.4648,156.838
ECO3ETPTJPL_001_EVAPOTRANSPIRATION_PT_JPL_ETinstUncertainty_doy2019166231217_aid0001,EVAPOTRANSPIRATION_PT_JPL_ETinstUncertainty,aid0001,2019-06-15 23:12:17 UTC,05349,0601,003,32621.0,51.7711,257.9839,"(51.7711,257.9839)",111.6744,24.3534,593.0901,127.2121,176.6751,114.588,51.7711,93.8822
ECO3ETPTJPL_001_EVAPOTRANSPIRATION_PT_JPL_ETinstUncertainty_doy2019169155103_aid0001,EVAPOTRANSPIRATION_PT_JPL_ETinstUncertainty,aid0001,2019-06-18 15:51:03 UTC,05391,0601,004,1607.0,122.1768,207.7336,"(122.1768,207.7336)",175.245,12.4359,154.6521,184.8338,207.7336,178.5285,138.5141,165.0316
ECO3ETPTJPL_001_EVAPOTRANSPIRATION_PT_JPL_ETinstUncertainty_doy2019170150107_aid0001,EVAPOTRANSPIRATION_PT_JPL_ETinstUncertainty,aid0001,2019-06-19 15:01:07 UTC,05406,0601,003,901118.0,30.9007,286.2868,"(30.9007,286.2868)",145.4296,26.3096,692.1947,163.512,204.5148,151.1351,95.167,136.174
ECO3ETPTJPL_001_EVAPOTRANSPIRATION_PT_JPL_ETinstUncertainty_doy2019170150159_aid0001,EVAPOTRANSPIRATION_PT_JPL_ETinstUncertainty,aid0001,2019-06-19 15:01:59 UTC,05406,0601,004,429294.0,39.2237,449.8416,"(39.2237,449.8416)",126.3368,61.429,3773.5207,165.0107,288.494,102.9108,39.2237,82.6878
ECO3ETPTJPL_001_EVAPOTRANSPIRATION_PT_JPL_ETinstUncertainty_doy2019170213058_aid0001,EVAPOTRANSPIRATION_PT_JPL_ETinstUncertainty,aid0001,2019-06-19 21:30:58 UTC,05410,0601,002,13272.0,59.7968,490.1963,"(59.7968,490.1963)",179.0653,63.7544,4064.6218,191.9013,263.3564,164.5913,72.713,144.1363
ECO3ETPTJPL_001_EVAPOTRANSPIRATION_PT_JPL_ETinstUncertainty_doy2019173140948_aid0001,EVAPOTRANSPIRATION_PT_JPL_ETinstUncertainty,aid0001,2019-06-22 14:09:48 UTC,05452,0601,004,1057865.0,19.8198,281.1661,"(19.8198,281.1661)",66.1467,40.2063,1616.5468,67.408,105.9615,51.7366,19.8198,41.7005
ECO3ETPTJPL_001_EVAPOTRANSPIRATION_PT_JPL_ETinstUncertainty_doy2019173203917_aid0001,EVAPOTRANSPIRATION_PT_JPL_ETinstUncertainty,aid0001,2019-06-22 20:39:17 UTC,05456,0601,003,527.0,106.9988,304.3777,"(106.9988,304.3777)",164.2515,35.0472,1228.3043,191.1852,199.1185,179.6239,106.9988,139.3458
ECO3ETPTJPL_001_EVAPOTRANSPIRATION_PT_JPL_ETinstUncertainty_doy2019176194715_aid0001,EVAPOTRANSPIRATION_PT_JPL_ETinstUncertainty,aid0001,2019-06-25 19:47:15 UTC,05502,0601,004,703.0,165.278,224.5146,"(165.278,224.5146)",199.1463,12.803,163.916,206.8907,224.5146,201.3867,174.7912,194.0502
ECO3ETPTJPL_001_EVAPOTRANSPIRATION_PT_JPL_ETinstUncertainty_doy2019177122826_aid0001,EVAPOTRANSPIRATION_PT_JPL_ETinstUncertainty,aid0001,2019-06-26 12:28:26 UTC,05513,0601,004,1062110.0,7.5668,587.6343,"(7.5668,587.6343)",35.4262,32.7025,1069.4547,32.696,49.642,27.7382,7.5668,21.3987
ECO3ETPTJPL_001_EVAPOTRANSPIRATION_PT_JPL_ETinstUncertainty_doy2019180180543_aid0001,EVAPOTRANSPIRATION_PT_JPL_ETinstUncertainty,aid0001,2019-06-29 18:05:43 UTC,05563,0601,003,889532.0,117.0495,517.4543,"(117.0495,517.4543)",208.5658,27.3392,747.4318,228.7657,287.6072,204.9676,131.5823,189.5242
ECO3ETPTJPL_001_EVAPOTRANSPIRATION_PT_JPL_ETinstUncertainty_doy2019180180635_aid0001,EVAPOTRANSPIRATION_PT_JPL_ETinstUncertainty,aid0001,2019-06-29 18:06:35 UTC,05563,0601,004,204065.0,0.4812,303.9424,"(0.4812,303.9424)",204.3414,46.4133,2154.1912,242.541,303.9424,204.5321,84.5358,179.3138
ECO3ETPTJPL_001_EVAPOTRANSPIRATION_PT_JPL_ETinstUncertainty_doy2019181171617_aid0001,EVAPOTRANSPIRATION_PT_JPL_ETinstUncertainty,aid0001,2019-06-30 17:16:17 UTC,05578,0601,002,93678.0,130.7248,289.9032,"(130.7248,289.9032)",198.27,16.8397,283.5769,210.4391,246.7715,200.281,149.8065,186.1851
ECO3ETPTJPL_001_EVAPOTRANSPIRATION_PT_JPL_ETinstUncertainty_doy2019184162431_aid0001,EVAPOTRANSPIRATION_PT_JPL_ETinstUncertainty,aid0001,2019-07-03 16:24:31 UTC,05624,0601,003,1332061.0,52.022,262.7918,"(52.022,262.7918)",158.6762,21.5554,464.6333,173.4839,215.5048,158.6624,103.4494,145.4697
ECO3ETPTJPL_001_EVAPOTRANSPIRATION_PT_JPL_ETinstUncertainty_doy2019188144413_aid0001,EVAPOTRANSPIRATION_PT_JPL_ETinstUncertainty,aid0001,2019-07-07 14:44:13 UTC,05685,0601,003,102339.0,46.2433,298.099,"(46.2433,298.099)",99.2865,30.2222,913.3838,110.1874,158.7529,100.0333,46.2433,77.8082
ECO3ETPTJPL_001_EVAPOTRANSPIRATION_PT_JPL_ETinstUncertainty_doy2019191135301_aid0001,EVAPOTRANSPIRATION_PT_JPL_ETinstUncertainty,aid0001,2019-07-10 13:53:01 UTC,05731,0601,005,764547.0,29.585,150.9305,"(29.585,150.9305)",56.3654,11.9189,142.0599,63.6169,85.6982,56.18,29.585,48.8951
ECO3ETPTJPL_001_EVAPOTRANSPIRATION_PT_JPL_ETinstUncertainty_doy2019192130325_aid0001,EVAPOTRANSPIRATION_PT_JPL_ETinstUncertainty,aid0001,2019-07-11 13:03:25 UTC,05746,0601,002,882389.0,15.9452,814.5787,"(15.9452,814.5787)",35.3288,9.4578,89.4493,39.3822,55.0839,34.1216,15.9452,28.9143
ECO3ETPTJPL_001_EVAPOTRANSPIRATION_PT_JPL_ETinstUncertainty_doy2019192130417_aid0001,EVAPOTRANSPIRATION_PT_JPL_ETinstUncertainty,aid0001,2019-07-11 13:04:17 UTC,05746,0601,003,719449.0,29.0235,206.6504,"(29.0235,206.6504)",49.636,12.8668,165.5554,53.066,68.2881,47.0048,29.0235,42.9171
ECO3ETPTJPL_001_EVAPOTRANSPIRATION_PT_JPL_ETinstUncertainty_doy2019195121215_aid0001,EVAPOTRANSPIRATION_PT_JPL_ETinstUncertainty,aid0001,2019-07-14 12:12:15 UTC,05792,0601,003,40647.0,18.6161,525.6219,"(18.6161,525.6219)",58.6231,75.3735,5681.1698,45.2033,70.2246,34.3261,18.6161,28.519
ECO3ETPTJPL_001_EVAPOTRANSPIRATION_PT_JPL_ETinstUncertainty_doy2019195121307_aid0001,EVAPOTRANSPIRATION_PT_JPL_ETinstUncertainty,aid0001,2019-07-14 12:13:07 UTC,05792,0601,004,6251.0,22.6802,76.0925,"(22.6802,76.0925)",39.0295,8.5995,73.9506,46.8762,60.2571,39.5182,22.6802,31.269
ECO3ETPTJPL_001_EVAPOTRANSPIRATION_PT_JPL_ETinstUncertainty_doy2019207004121_aid0001,EVAPOTRANSPIRATION_PT_JPL_ETinstUncertainty,aid0001,2019-07-26 00:41:21 UTC,05971,0601,004,120416.0,48.9827,345.1214,"(48.9827,345.1214)",98.5251,31.5199,993.5061,102.9715,135.0342,88.8106,49.558,81.5958
ECO3ETPTJPL_001_EVAPOTRANSPIRATION_PT_JPL_ETinstUncertainty_doy2019210230008_aid0001,EVAPOTRANSPIRATION_PT_JPL_ETinstUncertainty,aid0001,2019-07-29 23:00:08 UTC,06032,0601,003,765785.0,0.4727,275.6942,"(0.4727,275.6942)",96.6651,31.2193,974.6464,117.524,180.3164,99.4752,12.8607,75.657
ECO3ETPTJPL_001_EVAPOTRANSPIRATION_PT_JPL_ETinstUncertainty_doy2019210230100_aid0001,EVAPOTRANSPIRATION_PT_JPL_ETinstUncertainty,aid0001,2019-07-29 23:01:00 UTC,06032,0601,004,357177.0,43.0983,359.0798,"(43.0983,359.0798)",128.4463,26.5151,703.049,139.3946,177.2029,127.7095,76.3782,114.1875
ECO3ETPTJPL_001_EVAPOTRANSPIRATION_PT_JPL_ETinstUncertainty_doy2019214211930_aid0001,EVAPOTRANSPIRATION_PT_JPL_ETinstUncertainty,aid0001,2019-08-02 21:19:30 UTC,06093,0601,003,151693.0,2.0195,203.4093,"(2.0195,203.4093)",98.5173,26.7014,712.9668,121.6049,188.1187,99.2657,10.679,77.2305
ECO3ETPTJPL_001_EVAPOTRANSPIRATION_PT_JPL_ETinstUncertainty_doy2019214212022_aid0001,EVAPOTRANSPIRATION_PT_JPL_ETinstUncertainty,aid0001,2019-08-02 21:20:22 UTC,06093,0601,004,11754.0,101.1784,264.1353,"(101.1784,264.1353)",175.1067,25.5161,651.0729,192.8735,234.5058,184.3101,120.7418,164.0199
ECO3ETPTJPL_001_EVAPOTRANSPIRATION_PT_JPL_ETinstUncertainty_doy2019217202836_aid0001,EVAPOTRANSPIRATION_PT_JPL_ETinstUncertainty,aid0001,2019-08-05 20:28:36 UTC,06139,0601,004,686471.0,80.1104,372.8768,"(80.1104,372.8768)",204.0737,29.2749,857.0204,224.1281,274.4734,208.1569,140.1931,190.5538
ECO3ETPTJPL_001_EVAPOTRANSPIRATION_PT_JPL_ETinstUncertainty_doy2019220193717_aid0001,EVAPOTRANSPIRATION_PT_JPL_ETinstUncertainty,aid0001,2019-08-08 19:37:17 UTC,06185,0601,004,452.0,108.2728,158.5083,"(108.2728,158.5083)",145.0679,9.7295,94.6639,151.3975,158.5083,146.7018,130.3745,141.9149
ECO3ETPTJPL_001_EVAPOTRANSPIRATION_PT_JPL_ETinstUncertainty_doy2019221020650_aid0001,EVAPOTRANSPIRATION_PT_JPL_ETinstUncertainty,aid0001,2019-08-09 02:06:50 UTC,06189,0601,005,1567087.0,17.7807,1465.6423,"(17.7807,1465.6423)",68.2462,56.3251,3172.5182,90.1094,180.7181,43.5585,17.7807,29.7036
ECO3ETPTJPL_001_EVAPOTRANSPIRATION_PT_JPL_ETinstUncertainty_doy2019221184726_aid0001,EVAPOTRANSPIRATION_PT_JPL_ETinstUncertainty,aid0001,2019-08-09 18:47:26 UTC,06200,0601,003,470935.0,0.4733,324.8834,"(0.4733,324.8834)",188.8869,48.4632,2348.6828,224.9152,324.8834,192.3239,54.5213,156.7531
ECO3ETPTJPL_001_EVAPOTRANSPIRATION_PT_JPL_ETinstUncertainty_doy2019221184817_aid0001,EVAPOTRANSPIRATION_PT_JPL_ETinstUncertainty,aid0001,2019-08-09 18:48:17 UTC,06200,0601,004,148915.0,71.4143,317.6854,"(71.4143,317.6854)",216.0498,25.8477,668.1019,235.1127,288.584,216.1657,146.2653,199.4562
ECO3ETPTJPL_001_EVAPOTRANSPIRATION_PT_JPL_ETinstUncertainty_doy2019225002602_aid0001,EVAPOTRANSPIRATION_PT_JPL_ETinstUncertainty,aid0001,2019-08-13 00:26:02 UTC,06250,0601,003,1133775.0,32.9873,279.3273,"(32.9873,279.3273)",73.1592,16.7209,279.587,78.0805,99.6789,70.2785,42.0828,63.6811
ECO3ETPTJPL_001_EVAPOTRANSPIRATION_PT_JPL_ETinstUncertainty_doy2019225170648_aid0001,EVAPOTRANSPIRATION_PT_JPL_ETinstUncertainty,aid0001,2019-08-13 17:06:48 UTC,06261,0601,003,1323734.0,9.0383,289.0998,"(9.0383,289.0998)",214.7531,30.2808,916.9288,235.6758,286.2939,220.8747,150.1862,201.4797
ECO3ETPTJPL_001_EVAPOTRANSPIRATION_PT_JPL_ETinstUncertainty_doy2019228224621_aid0001,EVAPOTRANSPIRATION_PT_JPL_ETinstUncertainty,aid0001,2019-08-16 22:46:21 UTC,06311,0601,003,271733.0,41.48,498.4547,"(41.48,498.4547)",135.6493,28.4743,810.7853,147.4892,184.4979,136.9854,85.8086,122.8166
ECO3ETPTJPL_001_EVAPOTRANSPIRATION_PT_JPL_ETinstUncertainty_doy2019229152738_aid0001,EVAPOTRANSPIRATION_PT_JPL_ETinstUncertainty,aid0001,2019-08-17 15:27:38 UTC,06322,0601,003,57864.0,89.2786,176.9497,"(89.2786,176.9497)",138.4795,18.497,342.1396,154.2552,176.9497,141.1283,89.2786,124.6309
ECO3ETPTJPL_001_EVAPOTRANSPIRATION_PT_JPL_ETinstUncertainty_doy2019231215653_aid0001,EVAPOTRANSPIRATION_PT_JPL_ETinstUncertainty,aid0001,2019-08-19 21:56:53 UTC,06357,0601,003,68081.0,86.917,240.0988,"(86.917,240.0988)",140.5838,14.2414,202.8189,151.8002,185.58,138.6995,95.3706,129.1659
ECO3ETPTJPL_001_EVAPOTRANSPIRATION_PT_JPL_ETinstUncertainty_doy2019232143745_aid0001,EVAPOTRANSPIRATION_PT_JPL_ETinstUncertainty,aid0001,2019-08-20 14:37:45 UTC,06368,0601,003,331789.0,41.112,111.1831,"(41.112,111.1831)",72.2744,11.7368,137.7515,79.9525,102.6333,71.7863,42.1526,64.8283
ECO3ETPTJPL_001_EVAPOTRANSPIRATION_PT_JPL_ETinstUncertainty_doy2019232143837_aid0001,EVAPOTRANSPIRATION_PT_JPL_ETinstUncertainty,aid0001,2019-08-20 14:38:37 UTC,06368,0601,004,1264937.0,46.2802,238.8186,"(46.2802,238.8186)",92.5157,15.7756,248.8709,103.4223,136.8095,91.0513,47.7927,81.161
ECO3ETPTJPL_001_EVAPOTRANSPIRATION_PT_JPL_ETinstUncertainty_doy2019232210758_aid0001,EVAPOTRANSPIRATION_PT_JPL_ETinstUncertainty,aid0001,2019-08-20 21:07:58 UTC,06372,0601,002,1117280.0,41.8001,355.6866,"(41.8001,355.6866)",170.8864,28.3701,804.8598,188.5509,235.9827,176.7274,109.4823,156.9233
ECO3ETPTJPL_001_EVAPOTRANSPIRATION_PT_JPL_ETinstUncertainty_doy2019232210850_aid0001,EVAPOTRANSPIRATION_PT_JPL_ETinstUncertainty,aid0001,2019-08-20 21:08:50 UTC,06372,0601,003,105887.0,54.1476,289.3891,"(54.1476,289.3891)",135.0556,38.1558,1455.8686,165.1284,259.0025,142.2438,54.1476,102.2728
ECO3ETPTJPL_001_EVAPOTRANSPIRATION_PT_JPL_ETinstUncertainty_doy2019235201840_aid0001,EVAPOTRANSPIRATION_PT_JPL_ETinstUncertainty,aid0001,2019-08-23 20:18:40 UTC,06418,0601,009,612626.0,32.2534,355.976,"(32.2534,355.976)",115.4269,45.9978,2115.7982,143.5427,238.7331,102.7353,32.2534,80.0766
ECO3ETPTJPL_001_EVAPOTRANSPIRATION_PT_JPL_ETinstUncertainty_doy2019236193011_aid0001,EVAPOTRANSPIRATION_PT_JPL_ETinstUncertainty,aid0001,2019-08-24 19:30:11 UTC,06433,0601,003,421218.0,87.5208,311.8106,"(87.5208,311.8106)",185.4371,26.3872,696.285,205.4989,263.4944,187.4567,108.836,166.8322
ECO3ETPTJPL_001_EVAPOTRANSPIRATION_PT_JPL_ETinstUncertainty_doy2019239184004_aid0001,EVAPOTRANSPIRATION_PT_JPL_ETinstUncertainty,aid0001,2019-08-27 18:40:04 UTC,06479,0601,003,315021.0,88.2033,254.0989,"(88.2033,254.0989)",164.7651,17.5243,307.1005,175.6171,201.2261,169.3932,132.9088,158.5333
ECO3ETPTJPL_001_EVAPOTRANSPIRATION_PT_JPL_ETinstUncertainty_doy2019239184056_aid0001,EVAPOTRANSPIRATION_PT_JPL_ETinstUncertainty,aid0001,2019-08-27 18:40:56 UTC,06479,0601,004,1382036.0,0.297,263.2285,"(0.297,263.2285)",132.2286,32.929,1084.3216,150.1174,202.5721,131.2716,62.6901,115.1463
ECO3ETPTJPL_001_EVAPOTRANSPIRATION_PT_JPL_ETinstUncertainty_doy2019240175124_aid0001,EVAPOTRANSPIRATION_PT_JPL_ETinstUncertainty,aid0001,2019-08-28 17:51:24 UTC,06494,0601,002,618141.0,87.0691,229.274,"(87.0691,229.274)",160.6657,19.0378,362.4396,173.8126,211.3972,162.2449,111.1133,148.7324
ECO3ETPTJPL_001_EVAPOTRANSPIRATION_PT_JPL_ETinstUncertainty_doy2019240175216_aid0001,EVAPOTRANSPIRATION_PT_JPL_ETinstUncertainty,aid0001,2019-08-28 17:52:16 UTC,06494,0601,003,18982.0,108.6272,210.414,"(108.6272,210.414)",171.1113,27.946,780.979,194.7093,210.414,180.5954,108.6272,146.8835
ECO3ETPTJPL_001_EVAPOTRANSPIRATION_PT_JPL_ETinstUncertainty_doy2019243170158_aid0001,EVAPOTRANSPIRATION_PT_JPL_ETinstUncertainty,aid0001,2019-08-31 17:01:58 UTC,06540,0601,007,935025.0,48.908,265.876,"(48.908,265.876)",150.7081,21.4762,461.2277,165.8464,210.1484,149.7276,91.972,136.2966
ECO3ETPTJPL_001_EVAPOTRANSPIRATION_PT_JPL_ETinstUncertainty_doy2019251134524_aid0001,EVAPOTRANSPIRATION_PT_JPL_ETinstUncertainty,aid0001,2019-09-08 13:45:24 UTC,06662,0601,006,1279621.0,18.7126,146.5052,"(18.7126,146.5052)",38.7359,7.677,58.937,41.4659,51.366,38.0292,24.9659,34.8657
ECO3ETPTJPL_001_EVAPOTRANSPIRATION_PT_JPL_ETinstUncertainty_doy2019254125620_aid0001,EVAPOTRANSPIRATION_PT_JPL_ETinstUncertainty,aid0001,2019-09-11 12:56:20 UTC,06708,0601,009,8488.0,16.6005,123.4709,"(16.6005,123.4709)",40.2544,15.098,227.9498,42.7848,61.2497,39.0597,16.6005,30.445
ECO3ETPTJPL_001_EVAPOTRANSPIRATION_PT_JPL_ETinstUncertainty_doy2019267004424_aid0001,EVAPOTRANSPIRATION_PT_JPL_ETinstUncertainty,aid0001,2019-09-24 00:44:24 UTC,06902,0601,003,44728.0,0.9186,298.2863,"(0.9186,298.2863)",38.3843,40.6753,1654.4782,43.1515,69.4369,32.9413,0.9186,22.8674
ECO3ETPTJPL_001_EVAPOTRANSPIRATION_PT_JPL_ETinstUncertainty_doy2019269235609_aid0001,EVAPOTRANSPIRATION_PT_JPL_ETinstUncertainty,aid0001,2019-09-26 23:56:09 UTC,06948,0601,004,711657.0,14.4832,1760.9075,"(14.4832,1760.9075)",124.5705,80.3111,6449.8771,182.9966,378.1175,108.4597,14.4832,52.9114
ECO3ETPTJPL_001_EVAPOTRANSPIRATION_PT_JPL_ETinstUncertainty_doy2019277204139_aid0001,EVAPOTRANSPIRATION_PT_JPL_ETinstUncertainty,aid0001,2019-10-04 20:41:39 UTC,07070,0601,004,997479.0,16.2591,1974.2833,"(16.2591,1974.2833)",84.8609,30.9898,960.3687,98.3523,145.9286,81.5438,19.1022,66.6335
ECO3ETPTJPL_001_EVAPOTRANSPIRATION_PT_JPL_ETinstUncertainty_doy2019281190339_aid0001,EVAPOTRANSPIRATION_PT_JPL_ETinstUncertainty,aid0001,2019-10-08 19:03:39 UTC,07131,0601,003,1428161.0,40.5955,260.4061,"(40.5955,260.4061)",81.2172,17.5641,308.4969,92.7807,131.3576,79.1085,40.5955,67.0457
ECO3ETPTJPL_001_EVAPOTRANSPIRATION_PT_JPL_ETinstUncertainty_doy2019281190431_aid0001,EVAPOTRANSPIRATION_PT_JPL_ETinstUncertainty,aid0001,2019-10-08 19:04:31 UTC,07131,0601,004,207095.0,30.9223,1420.0221,"(30.9223,1420.0221)",84.1508,28.5442,814.769,97.6839,148.8546,81.7662,30.9223,63.5695
ECO3ETPTJPL_001_EVAPOTRANSPIRATION_PT_JPL_ETinstUncertainty_doy2019288163740_aid0001,EVAPOTRANSPIRATION_PT_JPL_ETinstUncertainty,aid0001,2019-10-15 16:37:40 UTC,07238,0601,004,537779.0,16.5259,388.8854,"(16.5259,388.8854)",33.8101,16.7585,280.8485,33.7669,43.8266,29.5095,17.073,27.0605
ECO3ETPTJPL_001_EVAPOTRANSPIRATION_PT_JPL_ETinstUncertainty_doy2019289154845_aid0001,EVAPOTRANSPIRATION_PT_JPL_ETinstUncertainty,aid0001,2019-10-16 15:48:45 UTC,07253,0601,003,300212.0,4.1052,326.8097,"(4.1052,326.8097)",44.5831,30.6754,940.9777,51.6594,89.0231,37.9668,4.1052,26.5935
ECO3ETPTJPL_001_EVAPOTRANSPIRATION_PT_JPL_ETinstUncertainty_doy2019292212957_aid0001,EVAPOTRANSPIRATION_PT_JPL_ETinstUncertainty,aid0001,2019-10-19 21:29:57 UTC,07303,0601,008,994443.0,11.7227,299.4599,"(11.7227,299.4599)",47.0074,34.2325,1171.8608,46.3227,69.2433,37.0434,11.7227,31.0418
ECO3ETPTJPL_001_EVAPOTRANSPIRATION_PT_JPL_ETinstUncertainty_doy2019299190314_aid0001,EVAPOTRANSPIRATION_PT_JPL_ETinstUncertainty,aid0001,2019-10-26 19:03:14 UTC,07410,0601,009,127443.0,25.5139,1809.027,"(25.5139,1809.027)",54.0247,14.1632,200.5965,59.3934,75.7782,54.7929,32.0705,48.4618
ECO3ETPTJPL_001_EVAPOTRANSPIRATION_PT_JPL_ETinstUncertainty_doy2019300181428_aid0001,EVAPOTRANSPIRATION_PT_JPL_ETinstUncertainty,aid0001,2019-10-27 18:14:28 UTC,07425,0601,005,113742.0,14.1822,1893.1917,"(14.1822,1893.1917)",39.2923,20.2795,411.2573,45.1244,68.4787,37.4695,14.1822,29.5358
ECO3ETPTJPL_001_EVAPOTRANSPIRATION_PT_JPL_ETinstUncertainty_doy2019300181520_aid0001,EVAPOTRANSPIRATION_PT_JPL_ETinstUncertainty,aid0001,2019-10-27 18:15:20 UTC,07425,0601,006,559318.0,7.3892,254.0004,"(7.3892,254.0004)",52.6502,22.1038,488.5762,55.5232,71.3149,50.6345,29.1981,44.9932
ECO3ETPTJPL_001_EVAPOTRANSPIRATION_PT_JPL_ETinstUncertainty_doy2019304163736_aid0001,EVAPOTRANSPIRATION_PT_JPL_ETinstUncertainty,aid0001,2019-10-31 16:37:36 UTC,07486,0601,006,8848.0,4.8495,148.4737,"(4.8495,148.4737)",9.8977,15.3339,235.1292,8.426,10.7357,7.5452,4.8495,6.8196
ECO3ETPTJPL_001_EVAPOTRANSPIRATION_PT_JPL_ETinstUncertainty_doy2019307154753_aid0001,EVAPOTRANSPIRATION_PT_JPL_ETinstUncertainty,aid0001,2019-11-03 15:47:53 UTC,07532,0601,010,444705.0,0.1909,1120.9518,"(0.1909,1120.9518)",5.3887,7.751,60.0776,5.9264,9.9616,4.1904,0.1909,3.236
ECO3ETPTJPL_001_EVAPOTRANSPIRATION_PT_JPL_ETinstUncertainty_doy2019307154845_aid0001,EVAPOTRANSPIRATION_PT_JPL_ETinstUncertainty,aid0001,2019-11-03 15:48:45 UTC,07532,0601,011,35378.0,17.497,97.0383,"(17.497,97.0383)",50.1687,22.6723,514.0312,78.6157,97.0383,41.7242,17.497,32.8705
ECO3ETPTJPL_001_EVAPOTRANSPIRATION_PT_JPL_ETinstUncertainty_doy2019338202138_aid0001,EVAPOTRANSPIRATION_PT_JPL_ETinstUncertainty,aid0001,2019-12-04 20:21:38 UTC,08016,0601,003,986853.0,4.2311,1841.4723,"(4.2311,1841.4723)",81.9278,23.634,558.5671,97.7015,142.9824,84.2999,22.2326,67.5136
ECO3ETPTJPL_001_EVAPOTRANSPIRATION_PT_JPL_ETinstUncertainty_doy2019338202230_aid0001,EVAPOTRANSPIRATION_PT_JPL_ETinstUncertainty,aid0001,2019-12-04 20:22:30 UTC,08016,0601,004,18482.0,29.3023,160.066,"(29.3023,160.066)",98.115,17.0575,290.9575,109.1933,142.7832,95.3266,52.9988,86.6751
ECO3ETPTJPL_001_EVAPOTRANSPIRATION_PT_JPL_ETinstUncertainty_doy2019341193325_aid0001,EVAPOTRANSPIRATION_PT_JPL_ETinstUncertainty,aid0001,2019-12-07 19:33:25 UTC,08062,0601,004,86792.0,4.9615,255.2651,"(4.9615,255.2651)",59.8102,56.3911,3179.9529,111.2952,255.2651,16.3045,4.9615,11.0326
ECO3ETPTJPL_001_EVAPOTRANSPIRATION_PT_JPL_ETinstUncertainty_doy2020004144725_aid0001,EVAPOTRANSPIRATION_PT_JPL_ETinstUncertainty,aid0001,2020-01-04 14:47:25 UTC,08493,0601,008,89887.0,1.0758,317.6172,"(1.0758,317.6172)",83.2443,88.1157,7764.3725,167.1051,317.6172,4.2264,1.0758,2.5542
ECO3ETPTJPL_001_EVAPOTRANSPIRATION_PT_JPL_ETinstUncertainty_doy2020026233624_aid0001,EVAPOTRANSPIRATION_PT_JPL_ETinstUncertainty,aid0001,2020-01-26 23:36:24 UTC,08840,0601,004,46676.0,1.0116,1540.1564,"(1.0116,1540.1564)",7.2245,34.9698,1222.8898,3.184,5.7867,2.277,1.0116,1.4418
ECO3ETPTJPL_001_EVAPOTRANSPIRATION_PT_JPL_ETinstUncertainty_doy2020039180808_aid0001,EVAPOTRANSPIRATION_PT_JPL_ETinstUncertainty,aid0001,2020-02-08 18:08:08 UTC,09038,0601,003,65363.0,28.7152,149.483,"(28.7152,149.483)",94.1418,18.4291,339.6314,106.3685,140.7738,97.8741,48.8786,83.372
ECO3ETPTJPL_001_EVAPOTRANSPIRATION_PT_JPL_ETinstUncertainty_doy2020046221854_aid0001,EVAPOTRANSPIRATION_PT_JPL_ETinstUncertainty,aid0001,2020-02-15 22:18:54 UTC,09149,0601,010,19780.0,4.2115,150.5746,"(4.2115,150.5746)",25.7578,31.3431,982.3871,55.7696,118.3993,7.4148,4.2115,6.9435
ECO3ETPTJPL_001_EVAPOTRANSPIRATION_PT_JPL_ETinstUncertainty_doy2020050204525_aid0001,EVAPOTRANSPIRATION_PT_JPL_ETinstUncertainty,aid0001,2020-02-19 20:45:25 UTC,09210,0601,009,9625.0,4.8437,169.9478,"(4.8437,169.9478)",58.176,59.0165,3482.9431,122.1778,169.9478,9.4997,4.8437,6.7315
ECO3ETPTJPL_001_EVAPOTRANSPIRATION_PT_JPL_ETinstUncertainty_doy2020058173813_aid0001,EVAPOTRANSPIRATION_PT_JPL_ETinstUncertainty,aid0001,2020-02-27 17:38:13 UTC,09332,0601,009,7346.0,6.2871,135.9015,"(6.2871,135.9015)",76.0574,43.8465,1922.5123,106.8323,135.9015,99.1311,6.2871,8.2152
ECO3ETPTJPL_001_EVAPOTRANSPIRATION_PT_JPL_ETinstUncertainty_doy2020086001258_aid0001,EVAPOTRANSPIRATION_PT_JPL_ETinstUncertainty,aid0001,2020-03-26 00:12:58 UTC,09755,0601,004,18702.0,13.9353,235.6647,"(13.9353,235.6647)",115.7935,56.7497,3220.5331,155.8297,231.3855,126.3285,29.1858,105.1696
ECO3ETPTJPL_001_EVAPOTRANSPIRATION_PT_JPL_ETinstUncertainty_doy2020086232511_aid0001,EVAPOTRANSPIRATION_PT_JPL_ETinstUncertainty,aid0001,2020-03-26 23:25:11 UTC,09770,0601,003,1341.0,22.1761,156.5604,"(22.1761,156.5604)",84.5464,30.4465,926.992,106.5401,151.4722,86.886,26.521,74.5286
ECO3ETPTJPL_001_EVAPOTRANSPIRATION_PT_JPL_ETinstUncertainty_doy2020093210737_aid0001,EVAPOTRANSPIRATION_PT_JPL_ETinstUncertainty,aid0001,2020-04-02 21:07:37 UTC,09877,0601,004,917.0,73.7826,278.0537,"(73.7826,278.0537)",190.7732,45.5629,2075.9748,225.5312,278.0537,190.4605,118.938,168.2531
ECO3ETPTJPL_001_EVAPOTRANSPIRATION_PT_JPL_ETinstUncertainty_doy2020094202005_aid0001,EVAPOTRANSPIRATION_PT_JPL_ETinstUncertainty,aid0001,2020-04-03 20:20:05 UTC,09892,0601,003,70971.0,11.9026,205.0287,"(11.9026,205.0287)",108.3378,30.5494,933.265,127.8424,188.3493,104.9539,27.1114,87.5037
ECO3ETPTJPL_001_EVAPOTRANSPIRATION_PT_JPL_ETinstUncertainty_doy2020097193600_aid0001,EVAPOTRANSPIRATION_PT_JPL_ETinstUncertainty,aid0001,2020-04-06 19:36:00 UTC,09938,0601,004,1059841.0,8.8305,537.2689,"(8.8305,537.2689)",111.0643,60.6677,3680.5654,165.9346,309.7556,111.5768,8.8305,63.0462
ECO3ETPTJPL_001_EVAPOTRANSPIRATION_PT_JPL_ETinstUncertainty_doy2020098184825_aid0001,EVAPOTRANSPIRATION_PT_JPL_ETinstUncertainty,aid0001,2020-04-07 18:48:25 UTC,09953,0601,003,412393.0,1.6838,218.4356,"(1.6838,218.4356)",109.2506,29.0401,843.3261,129.5197,189.4144,110.8562,29.6993,89.5895
ECO3ETPTJPL_001_EVAPOTRANSPIRATION_PT_JPL_ETinstUncertainty_doy2020101180401_aid0001,EVAPOTRANSPIRATION_PT_JPL_ETinstUncertainty,aid0001,2020-04-10 18:04:01 UTC,09999,0601,004,259660.0,7.9347,294.7932,"(7.9347,294.7932)",118.9187,51.1362,2614.9152,157.6801,267.0191,121.7525,7.9347,84.6604
ECO3ETPTJPL_001_EVAPOTRANSPIRATION_PT_JPL_ETinstUncertainty_doy2020102003428_aid0001,EVAPOTRANSPIRATION_PT_JPL_ETinstUncertainty,aid0001,2020-04-11 00:34:28 UTC,10003,0601,009,516682.0,4.4759,233.2254,"(4.4759,233.2254)",71.1088,50.6832,2568.7834,111.4588,233.2254,75.4752,4.4759,20.38
ECO3ETPTJPL_001_EVAPOTRANSPIRATION_PT_JPL_ETinstUncertainty_doy2020105230226_aid0001,EVAPOTRANSPIRATION_PT_JPL_ETinstUncertainty,aid0001,2020-04-14 23:02:26 UTC,10064,0601,010,331573.0,7.1148,230.8361,"(7.1148,230.8361)",63.5984,51.1286,2614.1315,107.4816,219.8442,35.6472,7.1148,32.5063
ECO3ETPTJPL_001_EVAPOTRANSPIRATION_PT_JPL_ETinstUncertainty_doy2020106154440_aid0001,EVAPOTRANSPIRATION_PT_JPL_ETinstUncertainty,aid0001,2020-04-15 15:44:40 UTC,10075,0601,003,89207.0,9.1844,1994.4116,"(9.1844,1994.4116)",82.7509,147.1514,21653.5383,82.4656,148.2545,61.8052,9.1844,38.5723
ECO3ETPTJPL_001_EVAPOTRANSPIRATION_PT_JPL_ETinstUncertainty_doy2020106154532_aid0001,EVAPOTRANSPIRATION_PT_JPL_ETinstUncertainty,aid0001,2020-04-15 15:45:32 UTC,10075,0601,004,1548.0,5.6105,1645.6765,"(5.6105,1645.6765)",29.9261,118.8466,14124.5206,15.0268,24.5532,10.256,5.6105,8.1132
ECO3ETPTJPL_001_EVAPOTRANSPIRATION_PT_JPL_ETinstUncertainty_doy2020109150031_aid0001,EVAPOTRANSPIRATION_PT_JPL_ETinstUncertainty,aid0001,2020-04-18 15:00:31 UTC,10121,0601,004,38531.0,3.4061,1998.4476,"(3.4061,1998.4476)",39.8991,141.9918,20161.6773,30.0612,63.8405,13.5127,3.4061,7.5404
ECO3ETPTJPL_001_EVAPOTRANSPIRATION_PT_JPL_ETinstUncertainty_doy2020109213036_aid0001,EVAPOTRANSPIRATION_PT_JPL_ETinstUncertainty,aid0001,2020-04-18 21:30:36 UTC,10125,0601,010,191518.0,5.9885,1999.0647,"(5.9885,1999.0647)",100.7691,122.0504,14896.2964,163.6698,373.3232,46.0081,5.9885,23.3145
ECO3ETPTJPL_001_EVAPOTRANSPIRATION_PT_JPL_ETinstUncertainty_doy2020113132650_aid0001,EVAPOTRANSPIRATION_PT_JPL_ETinstUncertainty,aid0001,2020-04-22 13:26:50 UTC,10182,0601,004,417509.0,5.4102,316.4124,"(5.4102,316.4124)",44.1895,59.7119,3565.515,19.907,29.3043,15.7012,5.4102,13.6327
ECO3ETPTJPL_001_EVAPOTRANSPIRATION_PT_JPL_ETinstUncertainty_doy2020114123836_aid0001,EVAPOTRANSPIRATION_PT_JPL_ETinstUncertainty,aid0001,2020-04-23 12:38:36 UTC,10197,0601,003,674468.0,33.7007,282.174,"(33.7007,282.174)",100.3936,45.2506,2047.6146,138.5982,254.649,68.6551,33.7007,61.2266
ECO3ETPTJPL_001_EVAPOTRANSPIRATION_PT_JPL_ETinstUncertainty_doy2020114123928_aid0001,EVAPOTRANSPIRATION_PT_JPL_ETinstUncertainty,aid0001,2020-04-23 12:39:28 UTC,10197,0601,004,5606.0,1.5712,1415.9906,"(1.5712,1415.9906)",46.0469,73.3013,5373.0806,87.1123,209.0519,12.3248,1.5712,4.9436
ECO3ETPTJPL_001_EVAPOTRANSPIRATION_PT_JPL_ETinstUncertainty_doy2020121164823_aid0001,EVAPOTRANSPIRATION_PT_JPL_ETinstUncertainty,aid0001,2020-04-30 16:48:23 UTC,10308,0601,010,496561.0,35.3041,1531.4307,"(35.3041,1531.4307)",135.3446,44.8631,2012.702,152.2112,223.6404,129.7875,35.3041,104.5897
ECO3ETPTJPL_001_EVAPOTRANSPIRATION_PT_JPL_ETinstUncertainty_doy2020129134001_aid0001,EVAPOTRANSPIRATION_PT_JPL_ETinstUncertainty,aid0001,2020-05-08 13:40:01 UTC,10430,0601,008,766973.0,7.3583,1052.9041,"(7.3583,1052.9041)",27.6518,18.1416,329.1178,28.5059,43.2761,24.5456,7.3583,18.6582
ECO3ETPTJPL_001_EVAPOTRANSPIRATION_PT_JPL_ETinstUncertainty_doy2020142013832_aid0001,EVAPOTRANSPIRATION_PT_JPL_ETinstUncertainty,aid0001,2020-05-21 01:38:32 UTC,10624,0601,003,21291.0,6.5884,57.3071,"(6.5884,57.3071)",29.2228,8.8604,78.507,35.0196,51.5406,29.1864,7.4611,23.9932
ECO3ETPTJPL_001_EVAPOTRANSPIRATION_PT_JPL_ETinstUncertainty_doy2020145005217_aid0001,EVAPOTRANSPIRATION_PT_JPL_ETinstUncertainty,aid0001,2020-05-24 00:52:17 UTC,10670,0601,004,193991.0,23.8921,374.349,"(23.8921,374.349)",60.5845,49.4679,2447.078,55.1108,75.2232,47.1345,23.8921,41.6978
ECO3ETPTJPL_001_EVAPOTRANSPIRATION_PT_JPL_ETinstUncertainty_doy2020146000405_aid0001,EVAPOTRANSPIRATION_PT_JPL_ETinstUncertainty,aid0001,2020-05-25 00:04:05 UTC,10685,0601,003,106.0,26.9318,46.9333,"(26.9318,46.9333)",40.6272,3.9549,15.6413,43.2032,46.9333,40.8383,35.9575,38.7486
ECO3ETPTJPL_001_EVAPOTRANSPIRATION_PT_JPL_ETinstUncertainty_doy2020152214321_aid0001,EVAPOTRANSPIRATION_PT_JPL_ETinstUncertainty,aid0001,2020-05-31 21:43:21 UTC,10792,0601,004,54471.0,86.9551,602.6552,"(86.9551,602.6552)",160.1903,68.8475,4739.9756,169.8825,237.5403,141.966,86.9551,124.7399
ECO3ETPTJPL_001_EVAPOTRANSPIRATION_PT_JPL_ETinstUncertainty_doy2020156200850_aid0001,EVAPOTRANSPIRATION_PT_JPL_ETinstUncertainty,aid0001,2020-06-04 20:08:50 UTC,10853,0601,004,460760.0,41.3478,1924.2275,"(41.3478,1924.2275)",170.0008,41.9173,1757.0563,191.3837,255.5308,169.7624,84.4695,148.6154
ECO3ETPTJPL_001_EVAPOTRANSPIRATION_PT_JPL_ETinstUncertainty_doy2020160015202_aid0001,EVAPOTRANSPIRATION_PT_JPL_ETinstUncertainty,aid0001,2020-06-08 01:52:02 UTC,10903,0601,012,577081.0,14.9303,1907.5588,"(14.9303,1907.5588)",28.0328,20.4589,418.566,28.7722,35.1595,26.5513,18.1265,24.5138
ECO3ETPTJPL_001_EVAPOTRANSPIRATION_PT_JPL_ETinstUncertainty_doy2020160183417_aid0001,EVAPOTRANSPIRATION_PT_JPL_ETinstUncertainty,aid0001,2020-06-08 18:34:17 UTC,10914,0601,004,1497855.0,79.6261,276.3944,"(79.6261,276.3944)",171.2969,22.4689,504.8533,184.7532,223.3509,171.4238,120.4232,159.021
ECO3ETPTJPL_001_EVAPOTRANSPIRATION_PT_JPL_ETinstUncertainty_doy2020161010357_aid0001,EVAPOTRANSPIRATION_PT_JPL_ETinstUncertainty,aid0001,2020-06-09 01:03:57 UTC,10918,0601,006,3642.0,38.2928,80.3838,"(38.2928,80.3838)",57.8535,5.4326,29.5133,60.8462,70.8669,57.1662,44.2771,54.1513
ECO3ETPTJPL_001_EVAPOTRANSPIRATION_PT_JPL_ETinstUncertainty_doy2020161010449_aid0001,EVAPOTRANSPIRATION_PT_JPL_ETinstUncertainty,aid0001,2020-06-09 01:04:49 UTC,10918,0601,007,25991.0,28.2782,182.4388,"(28.2782,182.4388)",47.8619,17.304,299.4294,49.8256,61.6169,47.2477,29.8571,41.8363
ECO3ETPTJPL_001_EVAPOTRANSPIRATION_PT_JPL_ETinstUncertainty_doy2020164001730_aid0001,EVAPOTRANSPIRATION_PT_JPL_ETinstUncertainty,aid0001,2020-06-12 00:17:30 UTC,10964,0601,007,1200393.0,26.3627,214.4368,"(26.3627,214.4368)",74.1468,21.3734,456.8208,78.6046,99.4412,71.4816,43.8737,64.7122
ECO3ETPTJPL_001_EVAPOTRANSPIRATION_PT_JPL_ETinstUncertainty_doy2020167224249_aid0001,EVAPOTRANSPIRATION_PT_JPL_ETinstUncertainty,aid0001,2020-06-15 22:42:49 UTC,11025,0601,012,1376729.0,32.4987,372.2674,"(32.4987,372.2674)",126.4312,36.207,1310.9463,141.6281,199.0912,123.574,45.854,103.318
ECO3ETPTJPL_001_EVAPOTRANSPIRATION_PT_JPL_ETinstUncertainty_doy2020168152457_aid0001,EVAPOTRANSPIRATION_PT_JPL_ETinstUncertainty,aid0001,2020-06-16 15:24:57 UTC,11036,0601,004,1019231.0,41.971,1999.7867,"(41.971,1999.7867)",109.2042,41.3226,1707.5552,118.8141,153.9808,108.7544,60.2,95.368
ECO3ETPTJPL_001_EVAPOTRANSPIRATION_PT_JPL_ETinstUncertainty_doy2020168215445_aid0001,EVAPOTRANSPIRATION_PT_JPL_ETinstUncertainty,aid0001,2020-06-16 21:54:45 UTC,11040,0601,006,301412.0,38.8893,484.463,"(38.8893,484.463)",141.7256,37.7994,1428.7929,157.1752,213.8583,138.0402,62.6013,119.3404
ECO3ETPTJPL_001_EVAPOTRANSPIRATION_PT_JPL_ETinstUncertainty_doy2020171143759_aid0001,EVAPOTRANSPIRATION_PT_JPL_ETinstUncertainty,aid0001,2020-06-19 14:37:59 UTC,11082,0601,004,94.0,72.9442,78.17,"(72.9442,78.17)",75.0047,1.668,2.7823,76.3342,78.17,74.457,72.9442,73.5167
ECO3ETPTJPL_001_EVAPOTRANSPIRATION_PT_JPL_ETinstUncertainty_doy2020172135016_aid0001,EVAPOTRANSPIRATION_PT_JPL_ETinstUncertainty,aid0001,2020-06-20 13:50:16 UTC,11097,0601,004,1289191.0,28.4677,190.105,"(28.4677,190.105)",57.488,19.0112,361.4255,63.4096,90.7413,53.9781,28.4677,45.1881
ECO3ETPTJPL_001_EVAPOTRANSPIRATION_PT_JPL_ETinstUncertainty_doy2020175130317_aid0001,EVAPOTRANSPIRATION_PT_JPL_ETinstUncertainty,aid0001,2020-06-23 13:03:17 UTC,11143,0601,004,59895.0,18.5847,91.5229,"(18.5847,91.5229)",26.8334,7.1207,50.7043,27.1124,31.8524,25.4373,19.22,23.9516
ECO3ETPTJPL_001_EVAPOTRANSPIRATION_PT_JPL_ETinstUncertainty_doy2020175193313_aid0001,EVAPOTRANSPIRATION_PT_JPL_ETinstUncertainty,aid0001,2020-06-23 19:33:13 UTC,11147,0601,007,505656.0,49.752,384.9095,"(49.752,384.9095)",179.8858,23.0283,530.3014,193.6316,236.3751,179.0554,122.3912,165.1345
ECO3ETPTJPL_001_EVAPOTRANSPIRATION_PT_JPL_ETinstUncertainty_doy2020175193405_aid0001,EVAPOTRANSPIRATION_PT_JPL_ETinstUncertainty,aid0001,2020-06-23 19:34:05 UTC,11147,0601,008,100693.0,37.2378,214.4134,"(37.2378,214.4134)",126.1166,35.0744,1230.2155,156.2046,214.4134,122.8206,37.2378,98.8081
ECO3ETPTJPL_001_EVAPOTRANSPIRATION_PT_JPL_ETinstUncertainty_doy2020176121534_aid0001,EVAPOTRANSPIRATION_PT_JPL_ETinstUncertainty,aid0001,2020-06-24 12:15:34 UTC,11158,0601,004,1549749.0,10.1695,1661.4595,"(10.1695,1661.4595)",38.3658,26.5831,706.6621,39.2176,57.5067,31.1714,10.1695,27.0247
ECO3ETPTJPL_001_EVAPOTRANSPIRATION_PT_JPL_ETinstUncertainty_doy2020176184523_aid0001,EVAPOTRANSPIRATION_PT_JPL_ETinstUncertainty,aid0001,2020-06-24 18:45:23 UTC,11162,0601,008,498510.0,67.0842,356.0622,"(67.0842,356.0622)",199.715,39.5175,1561.6336,224.8529,292.3984,201.5021,112.1436,179.7689
ECO3ETPTJPL_001_EVAPOTRANSPIRATION_PT_JPL_ETinstUncertainty_doy2020176184615_aid0001,EVAPOTRANSPIRATION_PT_JPL_ETinstUncertainty,aid0001,2020-06-24 18:46:15 UTC,11162,0601,009,328.0,121.727,222.0705,"(121.727,222.0705)",181.5239,22.1259,489.5561,195.9555,222.0705,184.6507,139.4728,173.342
ECO3ETPTJPL_001_EVAPOTRANSPIRATION_PT_JPL_ETinstUncertainty_doy2020179175832_aid0001,EVAPOTRANSPIRATION_PT_JPL_ETinstUncertainty,aid0001,2020-06-27 17:58:32 UTC,11208,0601,010,954227.0,69.7216,392.3919,"(69.7216,392.3919)",170.9649,23.4868,551.631,185.1635,227.5011,168.1589,114.5994,156.9371
ECO3ETPTJPL_001_EVAPOTRANSPIRATION_PT_JPL_ETinstUncertainty_doy2020179175924_aid0001,EVAPOTRANSPIRATION_PT_JPL_ETinstUncertainty,aid0001,2020-06-27 17:59:24 UTC,11208,0601,011,78272.0,17.7275,233.7995,"(17.7275,233.7995)",143.8004,30.4984,930.1513,165.9954,229.2489,148.1869,60.0551,123.5524
ECO3ETPTJPL_001_EVAPOTRANSPIRATION_PT_JPL_ETinstUncertainty_doy2020180171039_aid0001,EVAPOTRANSPIRATION_PT_JPL_ETinstUncertainty,aid0001,2020-06-28 17:10:39 UTC,11223,0601,006,82937.0,119.7883,355.8331,"(119.7883,355.8331)",200.943,24.983,624.1509,215.4803,258.3649,202.1525,144.0037,186.8893
ECO3ETPTJPL_001_EVAPOTRANSPIRATION_PT_JPL_ETinstUncertainty_doy2020187144953_aid0001,EVAPOTRANSPIRATION_PT_JPL_ETinstUncertainty,aid0001,2020-07-05 14:49:53 UTC,11330,0601,008,1611373.0,34.7094,268.7999,"(34.7094,268.7999)",113.3677,19.8051,392.2436,126.0723,163.688,113.9457,63.378,100.9946
ECO3ETPTJPL_001_EVAPOTRANSPIRATION_PT_JPL_ETinstUncertainty_doy2020188140158_aid0001,EVAPOTRANSPIRATION_PT_JPL_ETinstUncertainty,aid0001,2020-07-06 14:01:58 UTC,11345,0601,006,256702.0,25.4116,1497.3488,"(25.4116,1497.3488)",64.459,25.977,674.8035,75.5112,118.6198,59.0239,25.4116,46.7692
ECO3ETPTJPL_001_EVAPOTRANSPIRATION_PT_JPL_ETinstUncertainty_doy2020191131557_aid0001,EVAPOTRANSPIRATION_PT_JPL_ETinstUncertainty,aid0001,2020-07-09 13:15:57 UTC,11391,0601,009,1574138.0,16.9891,1839.7969,"(16.9891,1839.7969)",36.2058,13.7164,188.1402,40.7765,58.6194,34.4008,16.9891,28.8813
ECO3ETPTJPL_001_EVAPOTRANSPIRATION_PT_JPL_ETinstUncertainty_doy2020192122818_aid0001,EVAPOTRANSPIRATION_PT_JPL_ETinstUncertainty,aid0001,2020-07-10 12:28:18 UTC,11406,0601,009,287521.0,10.1209,162.4536,"(10.1209,162.4536)",26.3299,17.3294,300.307,26.77,38.3625,24.3442,10.1209,18.6279
ECO3ETPTJPL_001_EVAPOTRANSPIRATION_PT_JPL_ETinstUncertainty_doy2020203020154_aid0001,EVAPOTRANSPIRATION_PT_JPL_ETinstUncertainty,aid0001,2020-07-21 02:01:54 UTC,11570,0601,004,1155283.0,13.5398,1896.5305,"(13.5398,1896.5305)",38.3773,20.6177,425.0891,38.9818,52.8045,33.6834,15.9443,29.7667
ECO3ETPTJPL_001_EVAPOTRANSPIRATION_PT_JPL_ETinstUncertainty_doy2020207002704_aid0001,EVAPOTRANSPIRATION_PT_JPL_ETinstUncertainty,aid0001,2020-07-25 00:27:04 UTC,11631,0601,004,5051.0,48.96,417.2625,"(48.96,417.2625)",106.9412,66.0167,4358.1987,120.0459,196.3199,89.1247,48.96,68.3525
ECO3ETPTJPL_001_EVAPOTRANSPIRATION_PT_JPL_ETinstUncertainty_doy2020207233839_aid0001,EVAPOTRANSPIRATION_PT_JPL_ETinstUncertainty,aid0001,2020-07-25 23:38:39 UTC,11646,0601,003,3292.0,4.0411,475.7177,"(4.0411,475.7177)",90.2833,86.1961,7429.7634,146.5932,296.5267,50.3531,4.0411,28.2717
ECO3ETPTJPL_001_EVAPOTRANSPIRATION_PT_JPL_ETinstUncertainty_doy2020207233931_aid0001,EVAPOTRANSPIRATION_PT_JPL_ETinstUncertainty,aid0001,2020-07-25 23:39:31 UTC,11646,0601,004,36262.0,59.1815,598.2846,"(59.1815,598.2846)",199.3159,135.0347,18234.3574,267.5406,539.2726,160.8696,59.1815,86.3572
ECO3ETPTJPL_001_EVAPOTRANSPIRATION_PT_JPL_ETinstUncertainty_doy2020210225209_aid0001,EVAPOTRANSPIRATION_PT_JPL_ETinstUncertainty,aid0001,2020-07-28 22:52:09 UTC,11692,0601,004,540534.0,27.5562,373.6027,"(27.5562,373.6027)",119.8519,32.6225,1064.2259,143.7587,216.5864,123.0436,27.5562,95.1673
ECO3ETPTJPL_001_EVAPOTRANSPIRATION_PT_JPL_ETinstUncertainty_doy2020211220351_aid0001,EVAPOTRANSPIRATION_PT_JPL_ETinstUncertainty,aid0001,2020-07-29 22:03:51 UTC,11707,0601,003,233004.0,0.9052,387.7033,"(0.9052,387.7033)",108.4371,43.4271,1885.9108,137.8387,235.6979,104.902,0.9052,72.4944
ECO3ETPTJPL_001_EVAPOTRANSPIRATION_PT_JPL_ETinstUncertainty_doy2020211220443_aid0001,EVAPOTRANSPIRATION_PT_JPL_ETinstUncertainty,aid0001,2020-07-29 22:04:43 UTC,11707,0601,004,66929.0,60.7984,434.9613,"(60.7984,434.9613)",154.4507,42.9382,1843.6908,169.5927,230.6395,153.9678,67.8627,128.8826
ECO3ETPTJPL_001_EVAPOTRANSPIRATION_PT_JPL_ETinstUncertainty_doy2020214211832_aid0001,EVAPOTRANSPIRATION_PT_JPL_ETinstUncertainty,aid0001,2020-08-01 21:18:32 UTC,11753,0601,004,385300.0,101.2139,350.2137,"(101.2139,350.2137)",190.0565,28.9023,835.3438,203.404,244.1633,190.398,135.4715,176.2304
ECO3ETPTJPL_001_EVAPOTRANSPIRATION_PT_JPL_ETinstUncertainty_doy2020218194503_aid0001,EVAPOTRANSPIRATION_PT_JPL_ETinstUncertainty,aid0001,2020-08-05 19:45:03 UTC,11814,0601,004,539891.0,59.3543,303.7403,"(59.3543,303.7403)",199.9728,26.3737,695.571,216.9236,263.0794,202.2323,139.977,186.1446
ECO3ETPTJPL_001_EVAPOTRANSPIRATION_PT_JPL_ETinstUncertainty_doy2020219185708_aid0001,EVAPOTRANSPIRATION_PT_JPL_ETinstUncertainty,aid0001,2020-08-06 18:57:08 UTC,11829,0601,005,119945.0,14.6389,348.6397,"(14.6389,348.6397)",171.0341,42.4953,1805.8463,194.8177,264.0848,173.0772,79.3635,148.6304
ECO3ETPTJPL_001_EVAPOTRANSPIRATION_PT_JPL_ETinstUncertainty_doy2020222181046_aid0001,EVAPOTRANSPIRATION_PT_JPL_ETinstUncertainty,aid0001,2020-08-09 18:10:46 UTC,11875,0601,003,245833.0,111.6103,270.2551,"(111.6103,270.2551)",185.5716,18.2809,334.1898,195.0329,222.6808,184.5022,148.9534,176.6007
ECO3ETPTJPL_001_EVAPOTRANSPIRATION_PT_JPL_ETinstUncertainty_doy2020222181138_aid0001,EVAPOTRANSPIRATION_PT_JPL_ETinstUncertainty,aid0001,2020-08-09 18:11:38 UTC,11875,0601,004,1188814.0,81.51,361.8964,"(81.51,361.8964)",182.7265,25.6609,658.4841,199.9909,243.0593,187.5327,128.2063,171.2769
ECO3ETPTJPL_001_EVAPOTRANSPIRATION_PT_JPL_ETinstUncertainty_doy2020223004138_aid0001,EVAPOTRANSPIRATION_PT_JPL_ETinstUncertainty,aid0001,2020-08-10 00:41:38 UTC,11879,0601,011,257332.0,26.8844,213.4915,"(26.8844,213.4915)",63.3228,16.5264,273.1222,70.4236,91.3743,63.9175,35.486,56.4481
ECO3ETPTJPL_001_EVAPOTRANSPIRATION_PT_JPL_ETinstUncertainty_doy2020223172334_aid0001,EVAPOTRANSPIRATION_PT_JPL_ETinstUncertainty,aid0001,2020-08-10 17:23:34 UTC,11890,0601,005,503405.0,10.0078,300.6461,"(10.0078,300.6461)",165.6165,39.427,1554.4906,195.8247,272.0945,169.1956,51.1798,137.9554
ECO3ETPTJPL_001_EVAPOTRANSPIRATION_PT_JPL_ETinstUncertainty_doy2020226163710_aid0001,EVAPOTRANSPIRATION_PT_JPL_ETinstUncertainty,aid0001,2020-08-13 16:37:10 UTC,11936,0601,005,126887.0,88.9821,200.223,"(88.9821,200.223)",138.6082,14.8126,219.4133,147.3298,173.5613,139.714,103.6007,129.8353
ECO3ETPTJPL_001_EVAPOTRANSPIRATION_PT_JPL_ETinstUncertainty_doy2020226163802_aid0001,EVAPOTRANSPIRATION_PT_JPL_ETinstUncertainty,aid0001,2020-08-13 16:38:02 UTC,11936,0601,006,1544881.0,60.7668,251.1938,"(60.7668,251.1938)",147.7618,20.0576,402.3084,159.0725,191.6877,147.3789,104.7129,137.3286
ECO3ETPTJPL_001_EVAPOTRANSPIRATION_PT_JPL_ETinstUncertainty_doy2020227154958_aid0001,EVAPOTRANSPIRATION_PT_JPL_ETinstUncertainty,aid0001,2020-08-14 15:49:58 UTC,11951,0601,005,645485.0,17.2732,205.7695,"(17.2732,205.7695)",139.9794,31.335,981.8837,161.4494,205.7695,151.2197,56.3973,119.4268
ECO3ETPTJPL_001_EVAPOTRANSPIRATION_PT_JPL_ETinstUncertainty_doy2020230150334_aid0001,EVAPOTRANSPIRATION_PT_JPL_ETinstUncertainty,aid0001,2020-08-17 15:03:34 UTC,11997,0601,005,75362.0,66.5184,98.1293,"(66.5184,98.1293)",79.1162,4.1473,17.2004,81.959,91.1656,79.0679,66.7005,75.8177
ECO3ETPTJPL_001_EVAPOTRANSPIRATION_PT_JPL_ETinstUncertainty_doy2020230150426_aid0001,EVAPOTRANSPIRATION_PT_JPL_ETinstUncertainty,aid0001,2020-08-17 15:04:26 UTC,11997,0601,006,1584243.0,61.9993,312.3791,"(61.9993,312.3791)",103.938,18.952,359.1789,115.4607,155.0993,103.2636,61.9993,89.0311
ECO3ETPTJPL_001_EVAPOTRANSPIRATION_PT_JPL_ETinstUncertainty_doy2020230213434_aid0001,EVAPOTRANSPIRATION_PT_JPL_ETinstUncertainty,aid0001,2020-08-17 21:34:34 UTC,12001,0601,007,592762.0,25.9776,341.8926,"(25.9776,341.8926)",145.0714,38.6352,1492.6802,172.3446,248.8397,153.5648,44.8187,121.3338
ECO3ETPTJPL_001_EVAPOTRANSPIRATION_PT_JPL_ETinstUncertainty_doy2020231141621_aid0001,EVAPOTRANSPIRATION_PT_JPL_ETinstUncertainty,aid0001,2020-08-18 14:16:21 UTC,12012,0601,006,644725.0,0.3591,255.1118,"(0.3591,255.1118)",90.1589,25.911,671.3789,107.3096,161.3211,98.6132,17.2014,71.2652
ECO3ETPTJPL_001_EVAPOTRANSPIRATION_PT_JPL_ETinstUncertainty_doy2020234132958_aid0001,EVAPOTRANSPIRATION_PT_JPL_ETinstUncertainty,aid0001,2020-08-21 13:29:58 UTC,12058,0601,003,45701.0,15.8342,1147.0752,"(15.8342,1147.0752)",26.1038,14.1233,199.4686,28.0917,31.5183,25.8845,18.2119,24.1389
ECO3ETPTJPL_001_EVAPOTRANSPIRATION_PT_JPL_ETinstUncertainty_doy2020234133050_aid0001,EVAPOTRANSPIRATION_PT_JPL_ETinstUncertainty,aid0001,2020-08-21 13:30:50 UTC,12058,0601,004,1621024.0,16.3849,1274.4224,"(16.3849,1274.4224)",32.6021,7.8249,61.2292,35.7002,47.4289,31.9343,16.3849,27.881
ECO3ETPTJPL_001_EVAPOTRANSPIRATION_PT_JPL_ETinstUncertainty_doy2020235124309_aid0001,EVAPOTRANSPIRATION_PT_JPL_ETinstUncertainty,aid0001,2020-08-22 12:43:09 UTC,12073,0601,003,482314.0,14.7318,647.1771,"(14.7318,647.1771)",49.0965,42.6301,1817.3271,49.4637,86.8045,28.6933,14.7318,24.569
ECO3ETPTJPL_001_EVAPOTRANSPIRATION_PT_JPL_ETinstUncertainty_doy2020238182719_aid0001,EVAPOTRANSPIRATION_PT_JPL_ETinstUncertainty,aid0001,2020-08-25 18:27:19 UTC,12123,0601,011,867608.0,45.4678,319.0738,"(45.4678,319.0738)",174.087,43.6762,1907.6135,203.1665,276.1912,183.8857,81.4419,154.4763
ECO3ETPTJPL_001_EVAPOTRANSPIRATION_PT_JPL_ETinstUncertainty_doy2020269233052_aid0001,EVAPOTRANSPIRATION_PT_JPL_ETinstUncertainty,aid0001,2020-09-25 23:30:52 UTC,12607,0601,006,1624549.0,22.9728,1937.3678,"(22.9728,1937.3678)",73.6482,41.1707,1695.0247,78.4313,118.59,63.308,22.9728,51.6586
ECO3ETPTJPL_001_EVAPOTRANSPIRATION_PT_JPL_ETinstUncertainty_doy2020270224352_aid0001,EVAPOTRANSPIRATION_PT_JPL_ETinstUncertainty,aid0001,2020-09-26 22:43:52 UTC,12622,0601,006,221655.0,1.9539,310.1389,"(1.9539,310.1389)",51.0675,44.0789,1942.9537,48.2016,70.521,40.0812,11.016,33.3209
ECO3ETPTJPL_001_EVAPOTRANSPIRATION_PT_JPL_ETinstUncertainty_doy2020273215851_aid0001,EVAPOTRANSPIRATION_PT_JPL_ETinstUncertainty,aid0001,2020-09-29 21:58:51 UTC,12668,0601,008,1651503.0,23.2537,314.8509,"(23.2537,314.8509)",80.8043,28.7831,828.4687,93.7595,141.6097,76.1177,23.2537,61.8579
ECO3ETPTJPL_001_EVAPOTRANSPIRATION_PT_JPL_ETinstUncertainty_doy2020274211149_aid0001,EVAPOTRANSPIRATION_PT_JPL_ETinstUncertainty,aid0001,2020-09-30 21:11:49 UTC,12683,0601,006,1344552.0,26.5192,302.8509,"(26.5192,302.8509)",89.4204,32.9561,1086.1066,106.0266,168.2499,86.0769,26.5192,64.542
ECO3ETPTJPL_001_EVAPOTRANSPIRATION_PT_JPL_ETinstUncertainty_doy2020277202605_aid0001,EVAPOTRANSPIRATION_PT_JPL_ETinstUncertainty,aid0001,2020-10-03 20:26:05 UTC,12729,0601,005,10755.0,40.2768,199.574,"(40.2768,199.574)",77.1692,26.1865,685.7346,83.5242,116.8134,68.115,40.2768,61.2653
ECO3ETPTJPL_001_EVAPOTRANSPIRATION_PT_JPL_ETinstUncertainty_doy2020277202657_aid0001,EVAPOTRANSPIRATION_PT_JPL_ETinstUncertainty,aid0001,2020-10-03 20:26:57 UTC,12729,0601,006,1612375.0,31.5828,295.2266,"(31.5828,295.2266)",95.6685,29.391,863.8326,108.5105,158.2757,91.7932,31.5828,75.3301
ECO3ETPTJPL_001_EVAPOTRANSPIRATION_PT_JPL_ETinstUncertainty_doy2020278193910_aid0001,EVAPOTRANSPIRATION_PT_JPL_ETinstUncertainty,aid0001,2020-10-04 19:39:10 UTC,12744,0601,005,1536505.0,0.9905,287.5447,"(0.9905,287.5447)",89.1044,26.9649,727.1065,102.8726,151.7551,83.2425,21.5079,70.2816
ECO3ETPTJPL_001_EVAPOTRANSPIRATION_PT_JPL_ETinstUncertainty_doy2020281185412_aid0001,EVAPOTRANSPIRATION_PT_JPL_ETinstUncertainty,aid0001,2020-10-07 18:54:12 UTC,12790,0601,008,1563465.0,37.757,273.4077,"(37.757,273.4077)",92.1153,30.1726,910.3872,104.0411,152.1412,85.3015,37.757,71.9727
ECO3ETPTJPL_001_EVAPOTRANSPIRATION_PT_JPL_ETinstUncertainty_doy2020282180616_aid0001,EVAPOTRANSPIRATION_PT_JPL_ETinstUncertainty,aid0001,2020-10-08 18:06:16 UTC,12805,0601,005,1571050.0,1.5956,201.8919,"(1.5956,201.8919)",66.459,16.9097,285.9364,73.7858,100.8796,63.5091,28.6316,55.7231
ECO3ETPTJPL_001_EVAPOTRANSPIRATION_PT_JPL_ETinstUncertainty_doy2020285235001_aid0001,EVAPOTRANSPIRATION_PT_JPL_ETinstUncertainty,aid0001,2020-10-11 23:50:01 UTC,12855,0601,010,1275264.0,5.1352,1997.6416,"(5.1352,1997.6416)",44.9105,103.1795,10646.0086,33.2712,57.4097,23.5993,5.1352,17.1788
ECO3ETPTJPL_001_EVAPOTRANSPIRATION_PT_JPL_ETinstUncertainty_doy2020285235053_aid0001,EVAPOTRANSPIRATION_PT_JPL_ETinstUncertainty,aid0001,2020-10-11 23:50:53 UTC,12855,0601,011,260658.0,4.5395,1965.0389,"(4.5395,1965.0389)",41.9701,96.8165,9373.4357,35.2556,67.1035,23.2764,4.5395,14.0223
ECO3ETPTJPL_001_EVAPOTRANSPIRATION_PT_JPL_ETinstUncertainty_doy2020286163214_aid0001,EVAPOTRANSPIRATION_PT_JPL_ETinstUncertainty,aid0001,2020-10-12 16:32:14 UTC,12866,0601,005,1235767.0,0.1292,1999.0568,"(0.1292,1999.0568)",46.268,60.7322,3688.4053,50.5347,77.9394,38.2221,4.8573,32.2637
ECO3ETPTJPL_001_EVAPOTRANSPIRATION_PT_JPL_ETinstUncertainty_doy2020289154607_aid0001,EVAPOTRANSPIRATION_PT_JPL_ETinstUncertainty,aid0001,2020-10-15 15:46:07 UTC,12912,0601,006,717499.0,20.5808,1943.9414,"(20.5808,1943.9414)",34.3759,16.685,278.3883,36.2868,46.9721,32.9463,20.5808,29.1625
ECO3ETPTJPL_001_EVAPOTRANSPIRATION_PT_JPL_ETinstUncertainty_doy2020290145801_aid0001,EVAPOTRANSPIRATION_PT_JPL_ETinstUncertainty,aid0001,2020-10-16 14:58:01 UTC,12927,0601,005,948373.0,0.9285,1691.3821,"(0.9285,1691.3821)",48.9588,15.8094,249.9369,54.8373,74.9631,48.7363,21.2934,41.4197
ECO3ETPTJPL_001_EVAPOTRANSPIRATION_PT_JPL_ETinstUncertainty_doy2020293204204_aid0001,EVAPOTRANSPIRATION_PT_JPL_ETinstUncertainty,aid0001,2020-10-19 20:42:04 UTC,12977,0601,012,7833.0,41.0139,291.6006,"(41.0139,291.6006)",75.2499,35.2652,1243.6315,85.1305,130.3957,71.205,41.0139,54.7142
ECO3ETPTJPL_001_EVAPOTRANSPIRATION_PT_JPL_ETinstUncertainty_doy2020294132432_aid0001,EVAPOTRANSPIRATION_PT_JPL_ETinstUncertainty,aid0001,2020-10-20 13:24:32 UTC,12988,0601,004,416004.0,4.6445,328.754,"(4.6445,328.754)",19.6646,27.5722,760.2251,12.402,18.8653,9.8421,4.6445,8.0924
ECO3ETPTJPL_001_EVAPOTRANSPIRATION_PT_JPL_ETinstUncertainty_doy2020301173337_aid0001,EVAPOTRANSPIRATION_PT_JPL_ETinstUncertainty,aid0001,2020-10-27 17:33:37 UTC,13099,0601,012,3903.0,38.2242,48.2163,"(38.2242,48.2163)",43.3248,2.0493,4.1997,44.9421,48.2163,43.6325,38.2242,41.7543
ECO3ETPTJPL_001_EVAPOTRANSPIRATION_PT_JPL_ETinstUncertainty_doy2020305155923_aid0001,EVAPOTRANSPIRATION_PT_JPL_ETinstUncertainty,aid0001,2020-10-31 15:59:23 UTC,13160,0601,004,1275031.0,14.5199,1958.8373,"(14.5199,1958.8373)",29.1599,21.713,471.4536,27.4144,34.5823,24.6554,15.4765,22.6357
ECO3ETPTJPL_001_EVAPOTRANSPIRATION_PT_JPL_ETinstUncertainty_doy2020309142459_aid0001,EVAPOTRANSPIRATION_PT_JPL_ETinstUncertainty,aid0001,2020-11-04 14:24:59 UTC,13221,0601,006,1072444.0,5.493,1300.542,"(5.493,1300.542)",23.5098,36.0793,1301.7145,16.9625,26.9039,12.355,5.493,10.3348
ECO3ETPTJPL_001_EVAPOTRANSPIRATION_PT_JPL_ETinstUncertainty_doy2020332223311_aid0001,EVAPOTRANSPIRATION_PT_JPL_ETinstUncertainty,aid0001,2020-11-27 22:33:11 UTC,13583,0601,004,29106.0,3.1601,1625.2954,"(3.1601,1625.2954)",8.1869,27.214,740.6022,7.2972,9.4755,6.5762,3.6275,5.8216
ECO3ETPTJPL_001_EVAPOTRANSPIRATION_PT_JPL_ETinstUncertainty_doy2020333214515_aid0001,EVAPOTRANSPIRATION_PT_JPL_ETinstUncertainty,aid0001,2020-11-28 21:45:15 UTC,13598,0601,003,16848.0,13.8428,129.8222,"(13.8428,129.8222)",29.6108,10.3382,106.8793,33.3746,47.8881,28.1065,13.8428,23.6876
ECO3ETPTJPL_001_EVAPOTRANSPIRATION_PT_JPL_ETinstUncertainty_doy2020341183819_aid0001,EVAPOTRANSPIRATION_PT_JPL_ETinstUncertainty,aid0001,2020-12-06 18:38:19 UTC,13720,0601,003,25809.0,17.8249,126.8271,"(17.8249,126.8271)",45.0981,13.2012,174.2721,54.9812,86.1066,45.2418,17.8249,34.1428
ECO3ETPTJPL_001_EVAPOTRANSPIRATION_PT_JPL_ETinstUncertainty_doy2020344175247_aid0001,EVAPOTRANSPIRATION_PT_JPL_ETinstUncertainty,aid0001,2020-12-09 17:52:47 UTC,13766,0601,004,128142.0,3.7564,213.8777,"(3.7564,213.8777)",20.7519,32.6495,1065.9917,11.2093,15.218,9.5068,4.5386,8.5348
ECO3ETPTJPL_001_EVAPOTRANSPIRATION_PT_JPL_ETinstUncertainty_doy2020352144449_aid0001,EVAPOTRANSPIRATION_PT_JPL_ETinstUncertainty,aid0001,2020-12-17 14:44:49 UTC,13888,0601,005,21769.0,1.6354,262.5157,"(1.6354,262.5157)",45.5674,71.6833,5138.4917,105.1002,257.0725,4.1778,1.6354,3.7024
ECO3ETPTJPL_001_EVAPOTRANSPIRATION_PT_JPL_ETinstUncertainty_doy2020363172137_aid0001,EVAPOTRANSPIRATION_PT_JPL_ETinstUncertainty,aid0001,2020-12-28 17:21:37 UTC,14060,0601,008,41003.0,0.0001,5.3048,"(0.0001,5.3048)",1.0751,0.6388,0.4081,1.4874,2.8435,1.013,0.0001,0.583
ECO3ETPTJPL_001_EVAPOTRANSPIRATION_PT_JPL_ETinstUncertainty_doy2021002145952_aid0001,EVAPOTRANSPIRATION_PT_JPL_ETinstUncertainty,aid0001,2021-01-02 14:59:52 UTC,14136,0601,002,98201.0,0.3813,718.6714,"(0.3813,718.6714)",46.5492,45.6065,2079.9496,87.3774,210.1697,51.7479,0.3813,2.499
